Title,Company,Apply
"Senior Open Source Developer & DevOps (Python, Django, React, AWS/OpenStack)",OpenCraft,https://weworkremotely.com/remote-jobs/opencraft-senior-open-source-developer-devops-python-django-react-aws-openstack
Senior Fullstack Developer (Python & Vue.js),Assemble Digital,https://weworkremotely.com/remote-jobs/assemble-digital-senior-fullstack-developer-python-vue-js
Senior Software Engineer (Django/Python),ActionKit (NGP VAN / Bonterra),https://weworkremotely.com/remote-jobs/actionkit-ngp-van-bonterra-senior-software-engineer-django-python
(Senior) Python Full Stack Software Developer,Optimile,https://weworkremotely.com/remote-jobs/optimile-senior-python-full-stack-software-developer
Senior Backend Engineer - Python,"TheoremOne, LLC",https://weworkremotely.com/remote-jobs/theoremone-llc-senior-backend-engineer-python
Senior Python Back-End Engineer,Synergy Sports,https://weworkremotely.com/remote-jobs/synergy-sports-senior-python-back-end-engineer
Python Mid Senior Engineer Django REST FastAPI at awesome SaaS,"Lead Sherpa, Inc.",https://weworkremotely.com/remote-jobs/lead-sherpa-inc-python-mid-senior-engineer-django-rest-fastapi-at-awesome-saas-1
Python Developer - Remote,"Upstack Technologies, Inc.",https://weworkremotely.com/remote-jobs/upstack-technologies-inc-python-developer-remote
Backend Engineer,HENNGE,https://relocate.me/japan/tokyo/hennge/backend-engineer-8683
Engineering Manager,Mollie,https://relocate.me/portugal/lisbon/mollie/engineering-manager-8796
Principal Data Analyst,Optum,https://relocate.me/ireland/dublin/optum/principal-data-analyst-8793
Lead Software Engineer,Optum,https://relocate.me/ireland/dublin/optum/lead-software-engineer-8792
Senior Software Engineer,Optum,https://relocate.me/ireland/dublin/optum/senior-software-engineer-8791
DevSecOps Engineer,PayPay,https://relocate.me/japan/tokyo/paypay/devsecops-engineer-7599
Platform Engineer,PayPay,https://relocate.me/japan/tokyo/paypay/platform-engineer-7597
Backend Engineer,PayPay,https://relocate.me/japan/tokyo/paypay/backend-engineer-7595
Lead Software Engineer,GeoPhy,https://relocate.me/the-netherlands/the-hague/geophy/lead-software-engineer-8686
Senior Backend (Python) Engineer,Zero to One Search,https://relocate.me/germany/munich/zero-to-one-search/senior-backend-python-engineer-8751
(Senior) Cloud DevOps Engineer,P&M,https://relocate.me/germany/hamburg/p-m/senior-cloud-devops-engineer-8787
Software Engineer/Monitoring System,LINE Fukuoka,https://relocate.me/japan/fukuoka/line-fukuoka/software-engineer-monitoring-system-8622
Software Engineer,Stealth Startup,https://relocate.me/germany/berlin/stealth-startup/software-engineer-8786
Security Engineer,Mercari,https://relocate.me/japan/tokyo/mercari/security-engineer-7704
"Senior Software Engineer, Amazon Logistics",Amazon,https://relocate.me/luxembourg/luxembourg/amazon/senior-software-engineer-amazon-logistics-8597
"Lead Engineer, AI Creation Tools",BandLab,https://relocate.me/singapore/singapore/bandlab/lead-engineer-ai-creation-tools-8578
Engineering Manager,Global Skills Hub,https://relocate.me/canada/toronto/global-skills-hub/engineering-manager-8681
Computer Vision Engineer (Object Detection & 3D Pose Estimation),Mujin,https://relocate.me/japan/tokyo/mujin/computer-vision-engineer-object-detection-3d-pose-estimation-7615
"Software Engineer, Data Platform",SmartNews,https://relocate.me/japan/tokyo/smartnews/software-engineer-data-platform-8783
Senior Backend Engineer - Annotation Tools,Veriff,https://relocate.me/estonia/tallinn/veriff/senior-backend-engineer-annotation-tools-8662
Data Scientist (Machine Learning),Catawiki,https://relocate.me/the-netherlands/amsterdam/catawiki/data-scientist-machine-learning-8537
Software Engineer - Developer Experience,Catawiki,https://relocate.me/the-netherlands/amsterdam/catawiki/software-engineer-developer-experience-7907
Senior Software Engineer,Mollie,https://relocate.me/portugal/lisbon/mollie/senior-software-engineer-7871
Engineering Manager,Mollie,https://relocate.me/the-netherlands/amsterdam/mollie/engineering-manager-7532
"Backend Engineer, Ranking Team (Machine Learning)",SmartNews,https://relocate.me/japan/tokyo/smartnews/backend-engineer-ranking-team-machine-learning-8065
"Software Engineer, Backend",SmartNews,https://relocate.me/japan/tokyo/smartnews/software-engineer-backend-8078
Security Operations Engineer,SmartNews,https://relocate.me/japan/tokyo/smartnews/security-operations-engineer-8733
Lead Developer,DHI,https://relocate.me/denmark/copenhagen/dhi/lead-developer-8754
Python Developer,ZooStation,https://relocate.me/the-netherlands/amsterdam/zoostation/python-developer-8533
"Lead Engineer, Kubernetes Platform",The LEGO Group,https://relocate.me/denmark/billund/the-lego-group/lead-engineer-kubernetes-platform-8637
Security Engineer (Product Security),Mercari,https://relocate.me/japan/tokyo/mercari/security-engineer-product-security-8614
"Data Engineer, Data Technology and Products (DTP)",Amazon,https://relocate.me/luxembourg/luxembourg/amazon/data-engineer-data-technology-and-products-dtp-8699
Software Developer - Backend,Vimcar,https://relocate.me/germany/berlin/vimcar/software-developer-backend-8729
Machine Learning Lead,Luko,https://relocate.me/france/paris/luko/machine-learning-lead-8747
Senior Product Manager - Data Application,Holidu,https://relocate.me/germany/munich/holidu/senior-product-manager-data-application-8745
Senior DevOps Engineer,doWhile,https://relocate.me/sweden/gothenburg/dowhile/senior-devops-engineer-8430
Solutions Architect,Global Skills Hub,https://relocate.me/canada/toronto/global-skills-hub/solutions-architect-8680
Cloud Data Engineer,LINKIT,https://relocate.me/the-netherlands/utrecht/linkit/cloud-data-engineer-8682
"Senior Data Engineer, PerfectMile Content",Amazon,https://relocate.me/luxembourg/luxembourg/amazon/senior-data-engineer-perfectmile-content-8711
"Senior Research Scientist, Community Operations",Amazon,https://relocate.me/germany/berlin/amazon/senior-research-scientist-community-operations-8590
"Software Engineer, Machine Learning & Search",Mercari,https://relocate.me/japan/tokyo/mercari/software-engineer-machine-learning-search-6754
Senior Software Engineer (Golang),Thunes,https://relocate.me/spain/barcelona/thunes/senior-software-engineer-golang-8715
"Applied Scientist (Machine Learning), yHat",Amazon,https://relocate.me/luxembourg/luxembourg/amazon/applied-scientist-machine-learning-yhat-8712
Data Engineer II,Amazon,https://relocate.me/luxembourg/luxembourg/amazon/data-engineer-ii-8708
"Sr SDE, PerfectMile",Amazon,https://relocate.me/luxembourg/luxembourg/amazon/sr-sde-perfectmile-8707
"Software Development Manager, EU Amazon Logistics",Amazon,https://relocate.me/luxembourg/luxembourg/amazon/software-development-manager-eu-amazon-logistics-8700
Team Lead Data Science,Holidu,https://relocate.me/germany/munich/holidu/team-lead-data-science-8693
